Title | Author | Genre 
Throne of Glass | Sarah J. Maas | Fantasy/Sci-Fi
Throne of Glass | Sarah J. Maas | Fantasy/Sci-Fi
test | test | test
Throne of Glass | Sarah J. Maas | Fantasy/Sci-Fi
Throne of Glass | Sarah J. Maas | Fantasy/Sci-Fi
test | test | test
test2 | test2 | test2
Throne of Glass | Sarah J. Maas | Fantasy/Sci-Fi
Throne of Glass | Sarah J. Maas | Fantasy/Sci-Fi
test | test | test
Throne of Glass | Sarah J. Maas | Fantasy/Sci-Fi
Throne of Glass | Sarah J. Maas | Fantasy/Sci-Fi
test | test | test
test2 | test2 | test2
test3 | test2 | test3
Throne of Glass | Sarah J. Maas | Fantasy/Sci-Fi
Throne of Glass | Sarah J. Maas | Fantasy/Sci-Fi
test | test | test
Throne of Glass | Sarah J. Maas | Fantasy/Sci-Fi
Throne of Glass | Sarah J. Maas | Fantasy/Sci-Fi
test | test | test
test2 | test2 | test2
Throne of Glass | Sarah J. Maas | Fantasy/Sci-Fi
Throne of Glass | Sarah J. Maas | Fantasy/Sci-Fi
test | test | test
Throne of Glass | Sarah J. Maas | Fantasy/Sci-Fi
Throne of Glass | Sarah J. Maas | Fantasy/Sci-Fi
test | test | test
test2 | test2 | test2
test3 | test2 | test3
Throne of Glass | Sarah J. Maas | Fantasy/Sci-Fi
